feature,mean_abs_shap,feature_family,cutoff_day,cohort
numeric__early_assessment_weight_expected,0.20152548,Academic progress,35,dynamic_landmark
numeric__assessment_mean_submission_delay_early,0.17232674,Academic progress,35,dynamic_landmark
numeric__assessment_score_min_early,0.13548708,Academic progress,35,dynamic_landmark
numeric__assessment_score_mean_early,0.120779894,Academic progress,35,dynamic_landmark
numeric__studied_credits,0.11767081,Program setup,35,dynamic_landmark
numeric__assessment_weighted_score_ratio_early,0.07969957,Academic progress,35,dynamic_landmark
numeric__date_registration,0.069721445,Program setup,35,dynamic_landmark
categorical__highest_education_Lower Than A Level,0.061188743,Prior preparation,35,dynamic_landmark
categorical__highest_education_A Level or Equivalent,0.060044207,Prior preparation,35,dynamic_landmark
numeric__vle_clicks_page_early,0.057443354,Engagement,35,dynamic_landmark
numeric__vle_clicks_resource_early,0.05702415,Engagement,35,dynamic_landmark
categorical__disability_N,0.05542685,Demographics,35,dynamic_landmark
numeric__vle_active_days_early,0.052324004,Engagement,35,dynamic_landmark
numeric__vle_clicks_oucontent_early,0.0522086,Engagement,35,dynamic_landmark
numeric__vle_unique_sites_early,0.05217625,Engagement,35,dynamic_landmark
categorical__code_presentation_2013J,0.049955357,Program setup,35,dynamic_landmark
numeric__vle_clicks_url_early,0.04816517,Engagement,35,dynamic_landmark
numeric__vle_clicks_quiz_early,0.046798896,Engagement,35,dynamic_landmark
numeric__vle_clicks_subpage_early,0.039263282,Engagement,35,dynamic_landmark
numeric__vle_clicks_forumng_early,0.037541527,Engagement,35,dynamic_landmark
numeric__vle_clicks_questionnaire_early,0.036907002,Engagement,35,dynamic_landmark
numeric__assessment_score_max_early,0.036891736,Academic progress,35,dynamic_landmark
categorical__code_module_BBB,0.03635387,Program setup,35,dynamic_landmark
numeric__assessment_weighted_score_sum_early,0.035986487,Academic progress,35,dynamic_landmark
numeric__vle_event_count_early,0.034395818,Engagement,35,dynamic_landmark
categorical__age_band_35-55,0.03302044,Demographics,35,dynamic_landmark
categorical__code_module_GGG,0.032005847,Program setup,35,dynamic_landmark
numeric__vle_total_clicks_early,0.030448025,Engagement,35,dynamic_landmark
numeric__vle_clicks_homepage_early,0.028763957,Engagement,35,dynamic_landmark
categorical__code_presentation_2014J,0.02767219,Program setup,35,dynamic_landmark
numeric__vle_clicks_externalquiz_early,0.026447475,Engagement,35,dynamic_landmark
numeric__module_presentation_length,0.02598938,Program setup,35,dynamic_landmark
categorical__code_module_DDD,0.025675407,Program setup,35,dynamic_landmark
numeric__vle_clicks_ouwiki_early,0.025033604,Engagement,35,dynamic_landmark
categorical__gender_F,0.024278335,Demographics,35,dynamic_landmark
categorical__code_module_AAA,0.02208647,Program setup,35,dynamic_landmark
numeric__vle_clicks_dualpane_early,0.019015517,Engagement,35,dynamic_landmark
numeric__registration_lead_days,0.017721487,Program setup,35,dynamic_landmark
categorical__age_band_0-35,0.016888468,Demographics,35,dynamic_landmark
categorical__disability_Y,0.0134598045,Demographics,35,dynamic_landmark
numeric__vle_clicks_glossary_early,0.012864639,Engagement,35,dynamic_landmark
categorical__region_London Region,0.012707033,Demographics,35,dynamic_landmark
categorical__imd_band_0-10%,0.012484847,Demographics,35,dynamic_landmark
categorical__imd_band_20-30%,0.012310032,Demographics,35,dynamic_landmark
categorical__code_presentation_2014B,0.010820206,Program setup,35,dynamic_landmark
numeric__early_assessment_count_expected,0.010305332,Academic progress,35,dynamic_landmark
categorical__imd_band_90-100%,0.010082712,Demographics,35,dynamic_landmark
numeric__num_of_prev_attempts,0.009760172,Prior preparation,35,dynamic_landmark
categorical__code_module_CCC,0.008948454,Program setup,35,dynamic_landmark
categorical__code_module_FFF,0.007521945,Program setup,35,dynamic_landmark
categorical__region_East Midlands Region,0.0073145456,Demographics,35,dynamic_landmark
categorical__imd_band_60-70%,0.0066709872,Demographics,35,dynamic_landmark
categorical__imd_band_40-50%,0.006502441,Demographics,35,dynamic_landmark
categorical__highest_education_No Formal quals,0.0051158355,Prior preparation,35,dynamic_landmark
numeric__vle_clicks_oucollaborate_early,0.0049255,Engagement,35,dynamic_landmark
categorical__region_Ireland,0.0043064994,Demographics,35,dynamic_landmark
numeric__assessment_banked_count_early,0.004292419,Academic progress,35,dynamic_landmark
categorical__region_Scotland,0.004124342,Demographics,35,dynamic_landmark
categorical__region_South Region,0.00412247,Demographics,35,dynamic_landmark
categorical__region_Yorkshire Region,0.004103969,Demographics,35,dynamic_landmark
numeric__assessment_score_std_early,0.0037861525,Academic progress,35,dynamic_landmark
categorical__region_West Midlands Region,0.0036228285,Demographics,35,dynamic_landmark
categorical__code_module_EEE,0.0035162063,Program setup,35,dynamic_landmark
numeric__assessment_type_count_cma_early,0.002918242,Academic progress,35,dynamic_landmark
categorical__imd_band_70-80%,0.0028000434,Demographics,35,dynamic_landmark
categorical__region_East Anglian Region,0.0027336304,Demographics,35,dynamic_landmark
categorical__imd_band_80-90%,0.002726812,Demographics,35,dynamic_landmark
categorical__imd_band_30-40%,0.0026107985,Demographics,35,dynamic_landmark
categorical__region_North Region,0.0025442166,Demographics,35,dynamic_landmark
numeric__assessment_submission_ratio_early,0.0024607682,Academic progress,35,dynamic_landmark
categorical__highest_education_HE Qualification,0.002239106,Prior preparation,35,dynamic_landmark
numeric__vle_clicks_ouelluminate_early,0.0020689168,Engagement,35,dynamic_landmark
categorical__region_South West Region,0.0016260301,Demographics,35,dynamic_landmark
categorical__gender_M,0.0014139675,Demographics,35,dynamic_landmark
numeric__assessment_submission_count_early,0.0012664793,Academic progress,35,dynamic_landmark
categorical__imd_band_10-20,0.0012633045,Demographics,35,dynamic_landmark
numeric__vle_clicks_htmlactivity_early,0.0012363616,Engagement,35,dynamic_landmark
categorical__code_presentation_2013B,0.0011070028,Program setup,35,dynamic_landmark
categorical__region_Wales,0.0010812731,Demographics,35,dynamic_landmark
numeric__assessment_late_submission_count_early,0.000988981,Academic progress,35,dynamic_landmark
categorical__imd_band_50-60%,0.0009266339,Demographics,35,dynamic_landmark
categorical__highest_education_Post Graduate Qualification,0.0004912669,Prior preparation,35,dynamic_landmark
categorical__region_North Western Region,0.00041646423,Demographics,35,dynamic_landmark
categorical__region_South East Region,0.00039765958,Demographics,35,dynamic_landmark
numeric__vle_clicks_repeatactivity_early,0.0,Engagement,35,dynamic_landmark
numeric__assessment_type_count_tma_early,0.0,Academic progress,35,dynamic_landmark
numeric__vle_clicks_sharedsubpage_early,0.0,Engagement,35,dynamic_landmark
numeric__vle_clicks_dataplus_early,0.0,Engagement,35,dynamic_landmark
categorical__age_band_55<=,0.0,Demographics,35,dynamic_landmark
numeric__assessment_weighted_score_ratio_early,0.22617495,Academic progress,60,dynamic_landmark
numeric__assessment_weighted_score_sum_early,0.19172499,Academic progress,60,dynamic_landmark
numeric__early_assessment_weight_expected,0.16303219,Academic progress,60,dynamic_landmark
numeric__assessment_mean_submission_delay_early,0.14103134,Academic progress,60,dynamic_landmark
numeric__assessment_score_mean_early,0.089400806,Academic progress,60,dynamic_landmark
numeric__studied_credits,0.08896793,Program setup,60,dynamic_landmark
numeric__vle_clicks_forumng_early,0.07683404,Engagement,60,dynamic_landmark
numeric__vle_clicks_ouwiki_early,0.076149434,Engagement,60,dynamic_landmark
numeric__date_registration,0.07438291,Program setup,60,dynamic_landmark
categorical__code_module_BBB,0.064379096,Program setup,60,dynamic_landmark
categorical__highest_education_A Level or Equivalent,0.062499803,Prior preparation,60,dynamic_landmark
numeric__vle_active_days_early,0.06029913,Engagement,60,dynamic_landmark
numeric__assessment_score_max_early,0.056882527,Academic progress,60,dynamic_landmark
numeric__vle_clicks_subpage_early,0.05442327,Engagement,60,dynamic_landmark
numeric__vle_clicks_quiz_early,0.05030743,Engagement,60,dynamic_landmark
numeric__early_assessment_count_expected,0.047254417,Academic progress,60,dynamic_landmark
numeric__vle_clicks_homepage_early,0.046048034,Engagement,60,dynamic_landmark
numeric__vle_clicks_url_early,0.04596304,Engagement,60,dynamic_landmark
categorical__disability_N,0.043877773,Demographics,60,dynamic_landmark
numeric__vle_clicks_resource_early,0.04332251,Engagement,60,dynamic_landmark
numeric__vle_total_clicks_early,0.041731488,Engagement,60,dynamic_landmark
numeric__vle_unique_sites_early,0.04147708,Engagement,60,dynamic_landmark
numeric__vle_event_count_early,0.038595833,Engagement,60,dynamic_landmark
numeric__assessment_score_min_early,0.038036857,Academic progress,60,dynamic_landmark
numeric__module_presentation_length,0.03536703,Program setup,60,dynamic_landmark
numeric__vle_clicks_dualpane_early,0.033997364,Engagement,60,dynamic_landmark
categorical__age_band_35-55,0.032647934,Demographics,60,dynamic_landmark
categorical__highest_education_Lower Than A Level,0.03190813,Prior preparation,60,dynamic_landmark
numeric__vle_clicks_page_early,0.03189264,Engagement,60,dynamic_landmark
numeric__vle_clicks_oucontent_early,0.030125242,Engagement,60,dynamic_landmark
categorical__code_module_GGG,0.028186746,Program setup,60,dynamic_landmark
categorical__code_presentation_2014J,0.02672395,Program setup,60,dynamic_landmark
numeric__assessment_score_std_early,0.026535433,Academic progress,60,dynamic_landmark
categorical__code_presentation_2013J,0.022575745,Program setup,60,dynamic_landmark
numeric__assessment_type_count_tma_early,0.019050252,Academic progress,60,dynamic_landmark
categorical__code_module_AAA,0.017802939,Program setup,60,dynamic_landmark
categorical__code_presentation_2014B,0.01698419,Program setup,60,dynamic_landmark
categorical__disability_Y,0.01607144,Demographics,60,dynamic_landmark
categorical__gender_F,0.014246011,Demographics,60,dynamic_landmark
numeric__assessment_submission_count_early,0.013995375,Academic progress,60,dynamic_landmark
categorical__code_presentation_2013B,0.0133259185,Program setup,60,dynamic_landmark
numeric__vle_clicks_ouelluminate_early,0.012958934,Engagement,60,dynamic_landmark
numeric__registration_lead_days,0.012302031,Program setup,60,dynamic_landmark
numeric__vle_clicks_oucollaborate_early,0.012133455,Engagement,60,dynamic_landmark
categorical__imd_band_40-50%,0.010848796,Demographics,60,dynamic_landmark
categorical__imd_band_20-30%,0.010301297,Demographics,60,dynamic_landmark
numeric__vle_clicks_glossary_early,0.010120256,Engagement,60,dynamic_landmark
categorical__imd_band_60-70%,0.009264458,Demographics,60,dynamic_landmark
categorical__imd_band_0-10%,0.009212957,Demographics,60,dynamic_landmark
numeric__vle_clicks_externalquiz_early,0.00851967,Engagement,60,dynamic_landmark
categorical__region_London Region,0.0076460186,Demographics,60,dynamic_landmark
numeric__assessment_submission_ratio_early,0.0074389735,Academic progress,60,dynamic_landmark
categorical__imd_band_70-80%,0.00738549,Demographics,60,dynamic_landmark
categorical__region_Yorkshire Region,0.0072921487,Demographics,60,dynamic_landmark
categorical__age_band_0-35,0.0067642685,Demographics,60,dynamic_landmark
numeric__vle_clicks_questionnaire_early,0.0062791253,Engagement,60,dynamic_landmark
numeric__assessment_late_submission_count_early,0.0060949614,Academic progress,60,dynamic_landmark
categorical__region_East Midlands Region,0.0056733238,Demographics,60,dynamic_landmark
categorical__imd_band_90-100%,0.0052618417,Demographics,60,dynamic_landmark
categorical__code_module_DDD,0.0051927892,Program setup,60,dynamic_landmark
categorical__gender_M,0.005132988,Demographics,60,dynamic_landmark
categorical__region_East Anglian Region,0.004748697,Demographics,60,dynamic_landmark
categorical__imd_band_80-90%,0.0045657493,Demographics,60,dynamic_landmark
categorical__code_module_CCC,0.004551022,Program setup,60,dynamic_landmark
categorical__region_Wales,0.0045194975,Demographics,60,dynamic_landmark
categorical__region_North Western Region,0.0038885418,Demographics,60,dynamic_landmark
categorical__imd_band_10-20,0.0037958694,Demographics,60,dynamic_landmark
categorical__imd_band_50-60%,0.003756728,Demographics,60,dynamic_landmark
numeric__assessment_banked_count_early,0.0037225736,Academic progress,60,dynamic_landmark
categorical__highest_education_No Formal quals,0.003627964,Prior preparation,60,dynamic_landmark
categorical__region_Scotland,0.003007169,Demographics,60,dynamic_landmark
numeric__num_of_prev_attempts,0.0029700848,Prior preparation,60,dynamic_landmark
categorical__region_South Region,0.0029018053,Demographics,60,dynamic_landmark
categorical__region_West Midlands Region,0.0026436031,Demographics,60,dynamic_landmark
categorical__imd_band_30-40%,0.0025855412,Demographics,60,dynamic_landmark
categorical__code_module_FFF,0.0024866178,Program setup,60,dynamic_landmark
categorical__region_Ireland,0.0020966611,Demographics,60,dynamic_landmark
numeric__vle_clicks_htmlactivity_early,0.0020538531,Engagement,60,dynamic_landmark
categorical__region_South East Region,0.0020531218,Demographics,60,dynamic_landmark
numeric__assessment_type_count_cma_early,0.0015081421,Academic progress,60,dynamic_landmark
categorical__highest_education_HE Qualification,0.0012872324,Prior preparation,60,dynamic_landmark
categorical__region_North Region,0.0011927037,Demographics,60,dynamic_landmark
categorical__region_South West Region,0.00088142196,Demographics,60,dynamic_landmark
categorical__code_module_EEE,0.00043819175,Program setup,60,dynamic_landmark
categorical__highest_education_Post Graduate Qualification,0.0,Prior preparation,60,dynamic_landmark
numeric__vle_clicks_dataplus_early,0.0,Engagement,60,dynamic_landmark
numeric__vle_clicks_repeatactivity_early,0.0,Engagement,60,dynamic_landmark
numeric__vle_clicks_sharedsubpage_early,0.0,Engagement,60,dynamic_landmark
categorical__age_band_55<=,0.0,Demographics,60,dynamic_landmark
numeric__assessment_weighted_score_ratio_early,0.21544296,Academic progress,75,dynamic_landmark
numeric__assessment_weighted_score_sum_early,0.16299103,Academic progress,75,dynamic_landmark
numeric__assessment_mean_submission_delay_early,0.14913665,Academic progress,75,dynamic_landmark
numeric__early_assessment_weight_expected,0.1476544,Academic progress,75,dynamic_landmark
numeric__assessment_score_min_early,0.09057229,Academic progress,75,dynamic_landmark
numeric__vle_clicks_ouwiki_early,0.088260815,Engagement,75,dynamic_landmark
numeric__vle_clicks_forumng_early,0.069858275,Engagement,75,dynamic_landmark
numeric__assessment_score_mean_early,0.06663118,Academic progress,75,dynamic_landmark
numeric__studied_credits,0.06286576,Program setup,75,dynamic_landmark
categorical__code_module_BBB,0.0627911,Program setup,75,dynamic_landmark
numeric__vle_active_days_early,0.05907447,Engagement,75,dynamic_landmark
numeric__date_registration,0.055957537,Program setup,75,dynamic_landmark
numeric__vle_clicks_homepage_early,0.052565586,Engagement,75,dynamic_landmark
numeric__vle_total_clicks_early,0.050428722,Engagement,75,dynamic_landmark
numeric__vle_clicks_quiz_early,0.049411748,Engagement,75,dynamic_landmark
categorical__highest_education_A Level or Equivalent,0.04870602,Prior preparation,75,dynamic_landmark
numeric__vle_unique_sites_early,0.045936484,Engagement,75,dynamic_landmark
numeric__module_presentation_length,0.04412057,Program setup,75,dynamic_landmark
numeric__vle_clicks_resource_early,0.043226082,Engagement,75,dynamic_landmark
numeric__assessment_score_max_early,0.042940065,Academic progress,75,dynamic_landmark
numeric__vle_clicks_subpage_early,0.042487256,Engagement,75,dynamic_landmark
numeric__assessment_score_std_early,0.039760727,Academic progress,75,dynamic_landmark
numeric__vle_clicks_oucontent_early,0.038706217,Engagement,75,dynamic_landmark
categorical__disability_N,0.038405668,Demographics,75,dynamic_landmark
numeric__assessment_submission_ratio_early,0.038304172,Academic progress,75,dynamic_landmark
numeric__vle_clicks_url_early,0.03733943,Engagement,75,dynamic_landmark
numeric__vle_event_count_early,0.037186507,Engagement,75,dynamic_landmark
numeric__vle_clicks_page_early,0.03249017,Engagement,75,dynamic_landmark
categorical__code_presentation_2013J,0.03239136,Program setup,75,dynamic_landmark
numeric__vle_clicks_dualpane_early,0.031624008,Engagement,75,dynamic_landmark
categorical__age_band_35-55,0.02803924,Demographics,75,dynamic_landmark
categorical__code_module_AAA,0.022969034,Program setup,75,dynamic_landmark
categorical__gender_F,0.022266738,Demographics,75,dynamic_landmark
categorical__highest_education_Lower Than A Level,0.022197349,Prior preparation,75,dynamic_landmark
categorical__code_module_GGG,0.021061627,Program setup,75,dynamic_landmark
categorical__imd_band_20-30%,0.01986118,Demographics,75,dynamic_landmark
numeric__assessment_type_count_cma_early,0.017921971,Academic progress,75,dynamic_landmark
numeric__registration_lead_days,0.017380772,Program setup,75,dynamic_landmark
categorical__disability_Y,0.016838687,Demographics,75,dynamic_landmark
numeric__vle_clicks_oucollaborate_early,0.016607042,Engagement,75,dynamic_landmark
categorical__imd_band_60-70%,0.014585148,Demographics,75,dynamic_landmark
categorical__code_presentation_2014J,0.01322547,Program setup,75,dynamic_landmark
numeric__assessment_type_count_tma_early,0.012609306,Academic progress,75,dynamic_landmark
categorical__age_band_0-35,0.0124684945,Demographics,75,dynamic_landmark
categorical__imd_band_40-50%,0.012325092,Demographics,75,dynamic_landmark
categorical__code_presentation_2013B,0.0107183885,Program setup,75,dynamic_landmark
numeric__assessment_late_submission_count_early,0.010700197,Academic progress,75,dynamic_landmark
categorical__code_module_CCC,0.01016046,Program setup,75,dynamic_landmark
numeric__vle_clicks_questionnaire_early,0.009676253,Engagement,75,dynamic_landmark
numeric__vle_clicks_ouelluminate_early,0.009250169,Engagement,75,dynamic_landmark
numeric__vle_clicks_glossary_early,0.0091309175,Engagement,75,dynamic_landmark
categorical__code_presentation_2014B,0.008887442,Program setup,75,dynamic_landmark
categorical__imd_band_50-60%,0.008831076,Demographics,75,dynamic_landmark
numeric__vle_clicks_externalquiz_early,0.008540607,Engagement,75,dynamic_landmark
categorical__code_module_DDD,0.007858565,Program setup,75,dynamic_landmark
categorical__region_Yorkshire Region,0.0066239624,Demographics,75,dynamic_landmark
numeric__assessment_banked_count_early,0.0064662085,Academic progress,75,dynamic_landmark
categorical__region_London Region,0.006065769,Demographics,75,dynamic_landmark
numeric__early_assessment_count_expected,0.005654014,Academic progress,75,dynamic_landmark
categorical__imd_band_90-100%,0.005625412,Demographics,75,dynamic_landmark
categorical__region_East Midlands Region,0.005337832,Demographics,75,dynamic_landmark
categorical__region_West Midlands Region,0.005158128,Demographics,75,dynamic_landmark
categorical__region_Wales,0.0050600194,Demographics,75,dynamic_landmark
categorical__imd_band_0-10%,0.0048321886,Demographics,75,dynamic_landmark
numeric__assessment_submission_count_early,0.0041593206,Academic progress,75,dynamic_landmark
categorical__highest_education_No Formal quals,0.0038205613,Prior preparation,75,dynamic_landmark
numeric__vle_clicks_htmlactivity_early,0.0037451512,Engagement,75,dynamic_landmark
numeric__num_of_prev_attempts,0.0034428164,Prior preparation,75,dynamic_landmark
categorical__gender_M,0.0028552013,Demographics,75,dynamic_landmark
categorical__region_Ireland,0.002682101,Demographics,75,dynamic_landmark
categorical__region_South West Region,0.0025041886,Demographics,75,dynamic_landmark
categorical__imd_band_70-80%,0.002214014,Demographics,75,dynamic_landmark
categorical__highest_education_HE Qualification,0.0021650158,Prior preparation,75,dynamic_landmark
categorical__code_module_EEE,0.0020318509,Program setup,75,dynamic_landmark
categorical__imd_band_10-20,0.0018908822,Demographics,75,dynamic_landmark
categorical__region_South East Region,0.001702088,Demographics,75,dynamic_landmark
categorical__region_South Region,0.0013485457,Demographics,75,dynamic_landmark
categorical__region_North Region,0.001217831,Demographics,75,dynamic_landmark
categorical__imd_band_30-40%,0.0011499724,Demographics,75,dynamic_landmark
categorical__region_North Western Region,0.0011417472,Demographics,75,dynamic_landmark
categorical__imd_band_80-90%,0.0010581634,Demographics,75,dynamic_landmark
categorical__code_module_FFF,0.0010447932,Program setup,75,dynamic_landmark
categorical__region_Scotland,0.0008708142,Demographics,75,dynamic_landmark
categorical__region_East Anglian Region,0.00035469685,Demographics,75,dynamic_landmark
categorical__highest_education_Post Graduate Qualification,0.0002470821,Prior preparation,75,dynamic_landmark
categorical__age_band_55<=,5.055829e-05,Demographics,75,dynamic_landmark
numeric__vle_clicks_repeatactivity_early,0.0,Engagement,75,dynamic_landmark
numeric__vle_clicks_sharedsubpage_early,0.0,Engagement,75,dynamic_landmark
numeric__vle_clicks_dataplus_early,0.0,Engagement,75,dynamic_landmark
numeric__early_assessment_weight_expected,0.19329208,Academic progress,35,controlled_day75
numeric__assessment_mean_submission_delay_early,0.14619869,Academic progress,35,controlled_day75
numeric__assessment_score_min_early,0.12133816,Academic progress,35,controlled_day75
numeric__studied_credits,0.08730072,Program setup,35,controlled_day75
numeric__assessment_score_mean_early,0.08719564,Academic progress,35,controlled_day75
numeric__assessment_weighted_score_ratio_early,0.07479182,Academic progress,35,controlled_day75
numeric__vle_unique_sites_early,0.07176411,Engagement,35,controlled_day75
categorical__highest_education_Lower Than A Level,0.06310117,Prior preparation,35,controlled_day75
numeric__vle_event_count_early,0.058783326,Engagement,35,controlled_day75
numeric__date_registration,0.05230976,Program setup,35,controlled_day75
numeric__vle_clicks_forumng_early,0.052274924,Engagement,35,controlled_day75
numeric__vle_clicks_resource_early,0.051622387,Engagement,35,controlled_day75
categorical__code_module_DDD,0.047325287,Program setup,35,controlled_day75
numeric__vle_clicks_page_early,0.04727668,Engagement,35,controlled_day75
numeric__vle_clicks_oucontent_early,0.04659395,Engagement,35,controlled_day75
numeric__vle_clicks_url_early,0.04565338,Engagement,35,controlled_day75
numeric__vle_clicks_quiz_early,0.04515287,Engagement,35,controlled_day75
categorical__highest_education_A Level or Equivalent,0.043972507,Prior preparation,35,controlled_day75
categorical__disability_N,0.04396826,Demographics,35,controlled_day75
numeric__vle_clicks_questionnaire_early,0.040770687,Engagement,35,controlled_day75
numeric__module_presentation_length,0.040375654,Program setup,35,controlled_day75
numeric__vle_clicks_subpage_early,0.038624287,Engagement,35,controlled_day75
numeric__vle_active_days_early,0.035506345,Engagement,35,controlled_day75
categorical__age_band_35-55,0.034253858,Demographics,35,controlled_day75
numeric__vle_total_clicks_early,0.03300776,Engagement,35,controlled_day75
numeric__vle_clicks_ouwiki_early,0.032136388,Engagement,35,controlled_day75
categorical__code_module_GGG,0.030605478,Program setup,35,controlled_day75
categorical__gender_F,0.030282587,Demographics,35,controlled_day75
numeric__assessment_score_max_early,0.030268772,Academic progress,35,controlled_day75
numeric__vle_clicks_homepage_early,0.029842531,Engagement,35,controlled_day75
categorical__code_module_BBB,0.028974047,Program setup,35,controlled_day75
categorical__imd_band_20-30%,0.028454814,Demographics,35,controlled_day75
categorical__code_presentation_2013J,0.027545728,Program setup,35,controlled_day75
numeric__vle_clicks_dualpane_early,0.02716562,Engagement,35,controlled_day75
categorical__disability_Y,0.024681732,Demographics,35,controlled_day75
categorical__code_module_AAA,0.023961626,Program setup,35,controlled_day75
numeric__assessment_weighted_score_sum_early,0.02070453,Academic progress,35,controlled_day75
categorical__imd_band_60-70%,0.015221611,Demographics,35,controlled_day75
numeric__registration_lead_days,0.014495142,Program setup,35,controlled_day75
numeric__vle_clicks_externalquiz_early,0.014304468,Engagement,35,controlled_day75
numeric__vle_clicks_oucollaborate_early,0.014126,Engagement,35,controlled_day75
categorical__code_presentation_2014B,0.013190854,Program setup,35,controlled_day75
categorical__imd_band_40-50%,0.012071549,Demographics,35,controlled_day75
numeric__vle_clicks_glossary_early,0.01197985,Engagement,35,controlled_day75
categorical__region_London Region,0.011929144,Demographics,35,controlled_day75
categorical__age_band_0-35,0.010930262,Demographics,35,controlled_day75
categorical__code_module_CCC,0.010900742,Program setup,35,controlled_day75
categorical__imd_band_0-10%,0.010825616,Demographics,35,controlled_day75
numeric__assessment_score_std_early,0.009129424,Academic progress,35,controlled_day75
categorical__imd_band_90-100%,0.0091271475,Demographics,35,controlled_day75
categorical__region_West Midlands Region,0.008418945,Demographics,35,controlled_day75
numeric__num_of_prev_attempts,0.007571211,Prior preparation,35,controlled_day75
categorical__region_East Midlands Region,0.0075163674,Demographics,35,controlled_day75
numeric__vle_clicks_ouelluminate_early,0.0067401114,Engagement,35,controlled_day75
categorical__code_presentation_2014J,0.00664269,Program setup,35,controlled_day75
categorical__region_South Region,0.006576053,Demographics,35,controlled_day75
numeric__vle_clicks_htmlactivity_early,0.00635669,Engagement,35,controlled_day75
categorical__code_module_FFF,0.0062775067,Program setup,35,controlled_day75
numeric__assessment_submission_ratio_early,0.005919754,Academic progress,35,controlled_day75
categorical__region_Yorkshire Region,0.0058338335,Demographics,35,controlled_day75
numeric__assessment_banked_count_early,0.0055952175,Academic progress,35,controlled_day75
categorical__highest_education_No Formal quals,0.0052915593,Prior preparation,35,controlled_day75
categorical__imd_band_70-80%,0.004708932,Demographics,35,controlled_day75
categorical__region_Wales,0.004521097,Demographics,35,controlled_day75
numeric__assessment_type_count_tma_early,0.0044586714,Academic progress,35,controlled_day75
categorical__imd_band_50-60%,0.0034691074,Demographics,35,controlled_day75
categorical__gender_M,0.0024705124,Demographics,35,controlled_day75
categorical__region_North Western Region,0.0023982956,Demographics,35,controlled_day75
categorical__region_East Anglian Region,0.0023921402,Demographics,35,controlled_day75
categorical__code_presentation_2013B,0.0023899474,Program setup,35,controlled_day75
numeric__early_assessment_count_expected,0.002355847,Academic progress,35,controlled_day75
categorical__code_module_EEE,0.002193299,Program setup,35,controlled_day75
categorical__highest_education_HE Qualification,0.0021332994,Prior preparation,35,controlled_day75
categorical__imd_band_30-40%,0.002066272,Demographics,35,controlled_day75
categorical__region_Ireland,0.0018622869,Demographics,35,controlled_day75
categorical__region_North Region,0.0017387166,Demographics,35,controlled_day75
categorical__imd_band_10-20,0.0015847716,Demographics,35,controlled_day75
categorical__region_South West Region,0.0014883984,Demographics,35,controlled_day75
categorical__region_Scotland,0.0014754554,Demographics,35,controlled_day75
numeric__assessment_submission_count_early,0.0013957166,Academic progress,35,controlled_day75
categorical__imd_band_80-90%,0.0012815165,Demographics,35,controlled_day75
categorical__region_South East Region,0.0011836829,Demographics,35,controlled_day75
numeric__assessment_type_count_cma_early,0.0008930255,Academic progress,35,controlled_day75
numeric__assessment_late_submission_count_early,0.0007197831,Academic progress,35,controlled_day75
categorical__age_band_55<=,0.00026490798,Demographics,35,controlled_day75
categorical__highest_education_Post Graduate Qualification,5.2119387e-05,Prior preparation,35,controlled_day75
numeric__vle_clicks_repeatactivity_early,0.0,Engagement,35,controlled_day75
numeric__vle_clicks_sharedsubpage_early,0.0,Engagement,35,controlled_day75
numeric__vle_clicks_dataplus_early,0.0,Engagement,35,controlled_day75
numeric__assessment_weighted_score_ratio_early,0.19964153,Academic progress,60,controlled_day75
numeric__assessment_weighted_score_sum_early,0.19227768,Academic progress,60,controlled_day75
numeric__early_assessment_weight_expected,0.14614867,Academic progress,60,controlled_day75
numeric__assessment_mean_submission_delay_early,0.1436626,Academic progress,60,controlled_day75
numeric__vle_clicks_ouwiki_early,0.10609457,Engagement,60,controlled_day75
numeric__assessment_score_mean_early,0.09458312,Academic progress,60,controlled_day75
numeric__studied_credits,0.07620996,Program setup,60,controlled_day75
numeric__vle_unique_sites_early,0.07358838,Engagement,60,controlled_day75
numeric__vle_clicks_forumng_early,0.06666489,Engagement,60,controlled_day75
numeric__date_registration,0.063532755,Program setup,60,controlled_day75
categorical__code_module_BBB,0.06298124,Program setup,60,controlled_day75
numeric__vle_active_days_early,0.060688466,Engagement,60,controlled_day75
numeric__vle_clicks_quiz_early,0.05826291,Engagement,60,controlled_day75
numeric__vle_clicks_homepage_early,0.050616313,Engagement,60,controlled_day75
numeric__vle_total_clicks_early,0.050310243,Engagement,60,controlled_day75
categorical__highest_education_A Level or Equivalent,0.04956951,Prior preparation,60,controlled_day75
numeric__vle_clicks_dualpane_early,0.04932871,Engagement,60,controlled_day75
numeric__assessment_score_min_early,0.046490632,Academic progress,60,controlled_day75
numeric__vle_clicks_subpage_early,0.043632623,Engagement,60,controlled_day75
numeric__vle_clicks_resource_early,0.04205256,Engagement,60,controlled_day75
numeric__assessment_score_max_early,0.041460365,Academic progress,60,controlled_day75
categorical__disability_N,0.039353345,Demographics,60,controlled_day75
numeric__early_assessment_count_expected,0.039122637,Academic progress,60,controlled_day75
categorical__age_band_35-55,0.03814408,Demographics,60,controlled_day75
numeric__vle_clicks_url_early,0.035876464,Engagement,60,controlled_day75
categorical__highest_education_Lower Than A Level,0.03448799,Prior preparation,60,controlled_day75
numeric__assessment_score_std_early,0.034260586,Academic progress,60,controlled_day75
numeric__vle_clicks_page_early,0.0332674,Engagement,60,controlled_day75
numeric__vle_clicks_oucontent_early,0.0313953,Engagement,60,controlled_day75
numeric__module_presentation_length,0.030652633,Program setup,60,controlled_day75
numeric__vle_event_count_early,0.026940532,Engagement,60,controlled_day75
numeric__vle_clicks_questionnaire_early,0.02585007,Engagement,60,controlled_day75
numeric__assessment_submission_count_early,0.024131507,Academic progress,60,controlled_day75
categorical__imd_band_20-30%,0.020890854,Demographics,60,controlled_day75
categorical__code_module_GGG,0.020516587,Program setup,60,controlled_day75
categorical__gender_F,0.01884447,Demographics,60,controlled_day75
categorical__code_presentation_2014B,0.018755466,Program setup,60,controlled_day75
numeric__registration_lead_days,0.01808753,Program setup,60,controlled_day75
categorical__code_module_AAA,0.01762403,Program setup,60,controlled_day75
categorical__code_presentation_2013J,0.01724798,Program setup,60,controlled_day75
categorical__imd_band_60-70%,0.016931623,Demographics,60,controlled_day75
categorical__disability_Y,0.016355133,Demographics,60,controlled_day75
numeric__assessment_type_count_tma_early,0.01622788,Academic progress,60,controlled_day75
numeric__vle_clicks_oucollaborate_early,0.015818698,Engagement,60,controlled_day75
categorical__code_presentation_2014J,0.013850247,Program setup,60,controlled_day75
numeric__vle_clicks_ouelluminate_early,0.011983448,Engagement,60,controlled_day75
categorical__imd_band_90-100%,0.011164251,Demographics,60,controlled_day75
categorical__code_presentation_2013B,0.010991552,Program setup,60,controlled_day75
numeric__vle_clicks_externalquiz_early,0.010427196,Engagement,60,controlled_day75
categorical__code_module_DDD,0.009424131,Program setup,60,controlled_day75
categorical__imd_band_40-50%,0.009378971,Demographics,60,controlled_day75
numeric__vle_clicks_glossary_early,0.008560833,Engagement,60,controlled_day75
categorical__imd_band_0-10%,0.007925392,Demographics,60,controlled_day75
categorical__age_band_0-35,0.007018827,Demographics,60,controlled_day75
categorical__region_Yorkshire Region,0.006751213,Demographics,60,controlled_day75
categorical__region_West Midlands Region,0.006615839,Demographics,60,controlled_day75
categorical__imd_band_50-60%,0.00627509,Demographics,60,controlled_day75
categorical__code_module_CCC,0.006180243,Program setup,60,controlled_day75
categorical__imd_band_70-80%,0.00510766,Demographics,60,controlled_day75
categorical__region_London Region,0.0047809333,Demographics,60,controlled_day75
categorical__region_East Midlands Region,0.004670439,Demographics,60,controlled_day75
categorical__gender_M,0.0045667044,Demographics,60,controlled_day75
numeric__assessment_submission_ratio_early,0.004183247,Academic progress,60,controlled_day75
categorical__region_Wales,0.004134743,Demographics,60,controlled_day75
numeric__assessment_type_count_cma_early,0.0031865297,Academic progress,60,controlled_day75
numeric__assessment_late_submission_count_early,0.0031040593,Academic progress,60,controlled_day75
numeric__num_of_prev_attempts,0.0030531203,Prior preparation,60,controlled_day75
categorical__highest_education_No Formal quals,0.0030119095,Prior preparation,60,controlled_day75
categorical__imd_band_30-40%,0.00300871,Demographics,60,controlled_day75
categorical__imd_band_80-90%,0.0026887213,Demographics,60,controlled_day75
categorical__region_Ireland,0.0026528437,Demographics,60,controlled_day75
categorical__region_South Region,0.002584783,Demographics,60,controlled_day75
categorical__region_Scotland,0.002476871,Demographics,60,controlled_day75
numeric__assessment_banked_count_early,0.0023285076,Academic progress,60,controlled_day75
categorical__region_South East Region,0.0022844388,Demographics,60,controlled_day75
categorical__region_North Western Region,0.0021222555,Demographics,60,controlled_day75
categorical__highest_education_HE Qualification,0.001959624,Prior preparation,60,controlled_day75
categorical__region_East Anglian Region,0.0019428042,Demographics,60,controlled_day75
categorical__imd_band_10-20,0.0017028435,Demographics,60,controlled_day75
categorical__region_South West Region,0.0012350677,Demographics,60,controlled_day75
numeric__vle_clicks_htmlactivity_early,0.0011970897,Engagement,60,controlled_day75
categorical__code_module_EEE,0.00091713143,Program setup,60,controlled_day75
categorical__region_North Region,0.0006867479,Demographics,60,controlled_day75
categorical__age_band_55<=,0.00051128387,Demographics,60,controlled_day75
categorical__code_module_FFF,0.0005070822,Program setup,60,controlled_day75
categorical__highest_education_Post Graduate Qualification,0.00041656583,Prior preparation,60,controlled_day75
numeric__vle_clicks_dataplus_early,0.0,Engagement,60,controlled_day75
numeric__vle_clicks_repeatactivity_early,0.0,Engagement,60,controlled_day75
numeric__vle_clicks_sharedsubpage_early,0.0,Engagement,60,controlled_day75
numeric__assessment_weighted_score_ratio_early,0.21493207,Academic progress,75,controlled_day75
numeric__assessment_weighted_score_sum_early,0.1744217,Academic progress,75,controlled_day75
numeric__early_assessment_weight_expected,0.14721774,Academic progress,75,controlled_day75
numeric__assessment_mean_submission_delay_early,0.1459376,Academic progress,75,controlled_day75
numeric__assessment_score_min_early,0.08672047,Academic progress,75,controlled_day75
numeric__vle_clicks_ouwiki_early,0.083995186,Engagement,75,controlled_day75
numeric__vle_clicks_forumng_early,0.07619289,Engagement,75,controlled_day75
numeric__assessment_score_mean_early,0.073844746,Academic progress,75,controlled_day75
numeric__vle_active_days_early,0.06752235,Engagement,75,controlled_day75
numeric__studied_credits,0.063092045,Program setup,75,controlled_day75
categorical__code_module_BBB,0.062628776,Program setup,75,controlled_day75
numeric__date_registration,0.054256003,Program setup,75,controlled_day75
numeric__vle_clicks_homepage_early,0.052236084,Engagement,75,controlled_day75
numeric__vle_clicks_quiz_early,0.051223766,Engagement,75,controlled_day75
categorical__highest_education_A Level or Equivalent,0.051053476,Prior preparation,75,controlled_day75
numeric__vle_unique_sites_early,0.04787619,Engagement,75,controlled_day75
numeric__vle_clicks_resource_early,0.045463383,Engagement,75,controlled_day75
numeric__vle_total_clicks_early,0.04514025,Engagement,75,controlled_day75
numeric__assessment_score_max_early,0.043964982,Academic progress,75,controlled_day75
numeric__vle_clicks_subpage_early,0.040836506,Engagement,75,controlled_day75
numeric__vle_clicks_oucontent_early,0.04000457,Engagement,75,controlled_day75
numeric__module_presentation_length,0.038959708,Program setup,75,controlled_day75
numeric__assessment_score_std_early,0.038533743,Academic progress,75,controlled_day75
numeric__assessment_submission_ratio_early,0.037945855,Academic progress,75,controlled_day75
numeric__vle_event_count_early,0.036033604,Engagement,75,controlled_day75
categorical__disability_N,0.034918476,Demographics,75,controlled_day75
numeric__vle_clicks_url_early,0.03360746,Engagement,75,controlled_day75
numeric__vle_clicks_dualpane_early,0.03221556,Engagement,75,controlled_day75
categorical__age_band_35-55,0.030816503,Demographics,75,controlled_day75
numeric__vle_clicks_page_early,0.030133467,Engagement,75,controlled_day75
categorical__code_presentation_2013J,0.02965074,Program setup,75,controlled_day75
categorical__code_module_GGG,0.023595687,Program setup,75,controlled_day75
categorical__code_presentation_2014J,0.02234748,Program setup,75,controlled_day75
categorical__highest_education_Lower Than A Level,0.02222341,Prior preparation,75,controlled_day75
categorical__code_module_AAA,0.021876186,Program setup,75,controlled_day75
numeric__registration_lead_days,0.021782817,Program setup,75,controlled_day75
categorical__imd_band_20-30%,0.017926905,Demographics,75,controlled_day75
categorical__gender_F,0.017386055,Demographics,75,controlled_day75
numeric__assessment_type_count_cma_early,0.017049845,Academic progress,75,controlled_day75
categorical__disability_Y,0.016435457,Demographics,75,controlled_day75
numeric__vle_clicks_oucollaborate_early,0.016033316,Engagement,75,controlled_day75
numeric__assessment_type_count_tma_early,0.01419504,Academic progress,75,controlled_day75
categorical__code_presentation_2013B,0.013668696,Program setup,75,controlled_day75
categorical__imd_band_60-70%,0.013426984,Demographics,75,controlled_day75
categorical__imd_band_40-50%,0.012687744,Demographics,75,controlled_day75
numeric__assessment_late_submission_count_early,0.012209342,Academic progress,75,controlled_day75
numeric__vle_clicks_glossary_early,0.011157049,Engagement,75,controlled_day75
categorical__code_module_CCC,0.010421173,Program setup,75,controlled_day75
categorical__code_module_DDD,0.010355743,Program setup,75,controlled_day75
numeric__vle_clicks_ouelluminate_early,0.010203587,Engagement,75,controlled_day75
numeric__vle_clicks_questionnaire_early,0.008812412,Engagement,75,controlled_day75
categorical__imd_band_50-60%,0.00802934,Demographics,75,controlled_day75
categorical__imd_band_90-100%,0.007929051,Demographics,75,controlled_day75
categorical__region_London Region,0.007368859,Demographics,75,controlled_day75
numeric__assessment_banked_count_early,0.0066485084,Academic progress,75,controlled_day75
categorical__region_Yorkshire Region,0.006578625,Demographics,75,controlled_day75
numeric__early_assessment_count_expected,0.006126088,Academic progress,75,controlled_day75
categorical__region_Wales,0.0053884615,Demographics,75,controlled_day75
numeric__assessment_submission_count_early,0.0051959134,Academic progress,75,controlled_day75
numeric__vle_clicks_externalquiz_early,0.0051020617,Engagement,75,controlled_day75
categorical__age_band_0-35,0.0050732126,Demographics,75,controlled_day75
categorical__code_presentation_2014B,0.0049856305,Program setup,75,controlled_day75
categorical__gender_M,0.004976185,Demographics,75,controlled_day75
categorical__region_East Midlands Region,0.0049553695,Demographics,75,controlled_day75
categorical__imd_band_0-10%,0.0047181845,Demographics,75,controlled_day75
numeric__vle_clicks_htmlactivity_early,0.003953093,Engagement,75,controlled_day75
categorical__region_Ireland,0.0035722994,Demographics,75,controlled_day75
categorical__imd_band_10-20,0.0034916834,Demographics,75,controlled_day75
numeric__num_of_prev_attempts,0.0033636156,Prior preparation,75,controlled_day75
categorical__highest_education_No Formal quals,0.0032779707,Prior preparation,75,controlled_day75
categorical__region_West Midlands Region,0.003170317,Demographics,75,controlled_day75
categorical__imd_band_70-80%,0.0030021486,Demographics,75,controlled_day75
categorical__highest_education_HE Qualification,0.0026158665,Prior preparation,75,controlled_day75
categorical__region_South West Region,0.0019249949,Demographics,75,controlled_day75
categorical__region_East Anglian Region,0.0015782862,Demographics,75,controlled_day75
categorical__code_module_EEE,0.001542136,Program setup,75,controlled_day75
categorical__region_South Region,0.001197836,Demographics,75,controlled_day75
categorical__region_North Region,0.0011862821,Demographics,75,controlled_day75
categorical__imd_band_30-40%,0.0011583908,Demographics,75,controlled_day75
categorical__region_Scotland,0.000857723,Demographics,75,controlled_day75
categorical__imd_band_80-90%,0.00078300026,Demographics,75,controlled_day75
categorical__region_South East Region,0.0006731379,Demographics,75,controlled_day75
categorical__region_North Western Region,0.0005006441,Demographics,75,controlled_day75
categorical__code_module_FFF,0.00019792211,Program setup,75,controlled_day75
categorical__highest_education_Post Graduate Qualification,0.0001704306,Prior preparation,75,controlled_day75
categorical__age_band_55<=,0.0,Demographics,75,controlled_day75
numeric__vle_clicks_repeatactivity_early,0.0,Engagement,75,controlled_day75
numeric__vle_clicks_sharedsubpage_early,0.0,Engagement,75,controlled_day75
numeric__vle_clicks_dataplus_early,0.0,Engagement,75,controlled_day75
numeric__assessment_weighted_score_sum_early,0.3026572,Academic progress,75,presentation_holdout_2014J
numeric__assessment_score_min_early,0.13123488,Academic progress,75,presentation_holdout_2014J
numeric__assessment_mean_submission_delay_early,0.1255097,Academic progress,75,presentation_holdout_2014J
numeric__assessment_weighted_score_ratio_early,0.11214082,Academic progress,75,presentation_holdout_2014J
numeric__vle_clicks_forumng_early,0.10171815,Engagement,75,presentation_holdout_2014J
numeric__assessment_score_mean_early,0.0979872,Academic progress,75,presentation_holdout_2014J
numeric__vle_clicks_ouwiki_early,0.09474429,Engagement,75,presentation_holdout_2014J
categorical__code_module_GGG,0.08264465,Program setup,75,presentation_holdout_2014J
numeric__vle_clicks_oucontent_early,0.07409209,Engagement,75,presentation_holdout_2014J
numeric__studied_credits,0.0648381,Program setup,75,presentation_holdout_2014J
numeric__vle_total_clicks_early,0.058372296,Engagement,75,presentation_holdout_2014J
numeric__vle_active_days_early,0.05587305,Engagement,75,presentation_holdout_2014J
numeric__assessment_score_max_early,0.055308968,Academic progress,75,presentation_holdout_2014J
categorical__highest_education_A Level or Equivalent,0.054505404,Prior preparation,75,presentation_holdout_2014J
numeric__vle_clicks_quiz_early,0.053589363,Engagement,75,presentation_holdout_2014J
numeric__date_registration,0.05312706,Program setup,75,presentation_holdout_2014J
numeric__vle_clicks_page_early,0.049815133,Engagement,75,presentation_holdout_2014J
numeric__vle_clicks_subpage_early,0.049763046,Engagement,75,presentation_holdout_2014J
categorical__code_module_AAA,0.049011145,Program setup,75,presentation_holdout_2014J
numeric__assessment_score_std_early,0.048753176,Academic progress,75,presentation_holdout_2014J
numeric__vle_clicks_homepage_early,0.04738034,Engagement,75,presentation_holdout_2014J
numeric__vle_unique_sites_early,0.04713706,Engagement,75,presentation_holdout_2014J
numeric__vle_clicks_glossary_early,0.046593204,Engagement,75,presentation_holdout_2014J
numeric__vle_event_count_early,0.042102966,Engagement,75,presentation_holdout_2014J
numeric__assessment_submission_count_early,0.041618116,Academic progress,75,presentation_holdout_2014J
categorical__highest_education_Lower Than A Level,0.041162245,Prior preparation,75,presentation_holdout_2014J
numeric__vle_clicks_resource_early,0.034516644,Engagement,75,presentation_holdout_2014J
categorical__region_West Midlands Region,0.029590769,Demographics,75,presentation_holdout_2014J
categorical__gender_F,0.026784424,Demographics,75,presentation_holdout_2014J
numeric__vle_clicks_url_early,0.025383888,Engagement,75,presentation_holdout_2014J
numeric__vle_clicks_dualpane_early,0.02515006,Engagement,75,presentation_holdout_2014J
numeric__num_of_prev_attempts,0.02426623,Prior preparation,75,presentation_holdout_2014J
categorical__imd_band_20-30%,0.022311412,Demographics,75,presentation_holdout_2014J
categorical__imd_band_30-40%,0.02199898,Demographics,75,presentation_holdout_2014J
numeric__vle_clicks_oucollaborate_early,0.021140665,Engagement,75,presentation_holdout_2014J
categorical__imd_band_50-60%,0.020785505,Demographics,75,presentation_holdout_2014J
numeric__vle_clicks_ouelluminate_early,0.017164268,Engagement,75,presentation_holdout_2014J
categorical__region_London Region,0.016709015,Demographics,75,presentation_holdout_2014J
numeric__module_presentation_length,0.016337045,Program setup,75,presentation_holdout_2014J
numeric__early_assessment_weight_expected,0.016155956,Academic progress,75,presentation_holdout_2014J
categorical__code_module_FFF,0.016051251,Program setup,75,presentation_holdout_2014J
categorical__code_module_DDD,0.01592022,Program setup,75,presentation_holdout_2014J
categorical__code_module_EEE,0.015718201,Program setup,75,presentation_holdout_2014J
numeric__assessment_submission_ratio_early,0.0139986,Academic progress,75,presentation_holdout_2014J
categorical__imd_band_70-80%,0.013442027,Demographics,75,presentation_holdout_2014J
numeric__vle_clicks_externalquiz_early,0.013236714,Engagement,75,presentation_holdout_2014J
categorical__disability_N,0.013040419,Demographics,75,presentation_holdout_2014J
categorical__imd_band_0-10%,0.011199998,Demographics,75,presentation_holdout_2014J
numeric__assessment_late_submission_count_early,0.011132661,Academic progress,75,presentation_holdout_2014J
categorical__imd_band_40-50%,0.011045102,Demographics,75,presentation_holdout_2014J
categorical__imd_band_90-100%,0.010840103,Demographics,75,presentation_holdout_2014J
categorical__region_South East Region,0.010293159,Demographics,75,presentation_holdout_2014J
numeric__assessment_banked_count_early,0.009954408,Academic progress,75,presentation_holdout_2014J
numeric__early_assessment_count_expected,0.00989297,Academic progress,75,presentation_holdout_2014J
numeric__registration_lead_days,0.008772658,Program setup,75,presentation_holdout_2014J
numeric__vle_clicks_questionnaire_early,0.008677043,Engagement,75,presentation_holdout_2014J
categorical__region_North Western Region,0.0083318865,Demographics,75,presentation_holdout_2014J
categorical__highest_education_No Formal quals,0.006694804,Prior preparation,75,presentation_holdout_2014J
categorical__region_South Region,0.0059129978,Demographics,75,presentation_holdout_2014J
numeric__assessment_type_count_tma_early,0.0058449074,Academic progress,75,presentation_holdout_2014J
numeric__assessment_type_count_cma_early,0.005308788,Academic progress,75,presentation_holdout_2014J
categorical__region_Ireland,0.0052172258,Demographics,75,presentation_holdout_2014J
categorical__gender_M,0.005092778,Demographics,75,presentation_holdout_2014J
categorical__disability_Y,0.004886147,Demographics,75,presentation_holdout_2014J
categorical__region_Yorkshire Region,0.0041022366,Demographics,75,presentation_holdout_2014J
categorical__age_band_0-35,0.003722871,Demographics,75,presentation_holdout_2014J
categorical__region_East Anglian Region,0.0036640372,Demographics,75,presentation_holdout_2014J
categorical__code_module_BBB,0.0036250898,Program setup,75,presentation_holdout_2014J
categorical__highest_education_HE Qualification,0.0032949268,Prior preparation,75,presentation_holdout_2014J
categorical__region_South West Region,0.0031028977,Demographics,75,presentation_holdout_2014J
categorical__imd_band_10-20,0.0029884302,Demographics,75,presentation_holdout_2014J
categorical__code_presentation_2013B,0.0028653403,Program setup,75,presentation_holdout_2014J
categorical__region_Wales,0.0028215447,Demographics,75,presentation_holdout_2014J
categorical__region_East Midlands Region,0.0024770424,Demographics,75,presentation_holdout_2014J
categorical__age_band_35-55,0.0023972003,Demographics,75,presentation_holdout_2014J
categorical__region_Scotland,0.002189207,Demographics,75,presentation_holdout_2014J
categorical__imd_band_80-90%,0.001723298,Demographics,75,presentation_holdout_2014J
categorical__imd_band_60-70%,0.0016188142,Demographics,75,presentation_holdout_2014J
categorical__highest_education_Post Graduate Qualification,0.0006304286,Prior preparation,75,presentation_holdout_2014J
categorical__age_band_55<=,0.00038451405,Demographics,75,presentation_holdout_2014J
categorical__region_North Region,0.00014192217,Demographics,75,presentation_holdout_2014J
numeric__vle_clicks_repeatactivity_early,0.0,Engagement,75,presentation_holdout_2014J
numeric__vle_clicks_sharedsubpage_early,0.0,Engagement,75,presentation_holdout_2014J
categorical__code_presentation_2013J,0.0,Program setup,75,presentation_holdout_2014J
numeric__vle_clicks_htmlactivity_early,0.0,Engagement,75,presentation_holdout_2014J
numeric__vle_clicks_dataplus_early,0.0,Engagement,75,presentation_holdout_2014J
